"Summary","Description","Start Date","Due Date","Epic Name","Labels"
"[Dunham Summit] Phase 1: Mission & Strategy","Event: Dunham Summit
Location: Lake Buena Vista, FL
Phase 1: Mission & Strategy

To-Do:
[ ] Define primary objective for the conference (leads, awareness, or partnerships)
[ ] Set target MQLs, SQLs, and post-session meetings
[ ] Define speaking session CTA and desired audience action
[ ] Confirm budget allocation and minimum ROI threshold
[ ] Get faith alignment sign-off from leadership
[ ] Assign event owner and primary speaking lead","2025-09-16","2025-10-14","Dunham Summit","event-marketing"
"[Dunham Summit] Phase 2: Theme & Audience","Event: Dunham Summit
Location: Lake Buena Vista, FL
Phase 2: Theme & Audience

To-Do:
[ ] Align session messaging with the Dunham Summit audience profile
[ ] Identify ICP personas most likely to be in the room
[ ] Draft full presentation outline and key talking points
[ ] Design handouts, leave-behinds, or post-session digital resources
[ ] Build a targeted pre-conference outreach list for expected attendees
[ ] Get content and messaging sign-off from leadership","2025-10-28","2025-11-11","Dunham Summit","event-marketing"
"[Dunham Summit] Phase 3: Systems & Planning","Event: Dunham Summit
Location: Lake Buena Vista, FL
Phase 3: Systems & Planning

To-Do:
[ ] Configure HubSpot to capture leads from the speaking session
[ ] Build the run-of-show and timeline for the speaking slot
[ ] Coordinate all session logistics with the Dunham Summit organizer
[ ] Test and finalize slide deck, A/V setup, and contingency plan
[ ] Confirm travel and accommodation for the speaking team","2025-11-25","2025-12-09","Dunham Summit","event-marketing"
"[Dunham Summit] Phase 4: Final Prep","Event: Dunham Summit
Location: Lake Buena Vista, FL
Phase 4: Final Prep

To-Do:
[ ] Complete final run-through and rehearsal of the full presentation
[ ] Confirm all session logistics with the organizer (time, room, A/V)
[ ] Assign an on-site support owner to handle logistics day-of
[ ] Prepare post-session follow-up links and resource delivery mechanism
[ ] Get final creative and content sign-off","2025-12-23","2026-01-05","Dunham Summit","event-marketing"
"[Dunham Summit] Phase 5: Execution","Event: Dunham Summit
Location: Lake Buena Vista, FL
Phase 5: Execution

To-Do:
[ ] Arrive early — confirm A/V, clicker, and stage setup are working
[ ] Deliver the speaking session as prepared
[ ] Facilitate Q&A and engage with the audience
[ ] Collect contact info and leads from session attendees
[ ] Flag the top 5 hottest prospects for same-day follow-up","2026-01-06","2026-01-08","Dunham Summit","event-marketing"
"[Dunham Summit] Phase 6: Follow-up","Event: Dunham Summit
Location: Lake Buena Vista, FL
Phase 6: Follow-up

To-Do:
[ ] Upload all session leads to HubSpot within 48 hours
[ ] Send personalized follow-up emails referencing the session content
[ ] Activate the post-event nurture sequence in HubSpot
[ ] Brief the sales team on high-priority prospects to contact
[ ] Share the session recording or deck with attendees if available","2026-01-09","2026-01-15","Dunham Summit","event-marketing"
"[Dunham Summit] Phase 7: ROI Analysis","Event: Dunham Summit
Location: Lake Buena Vista, FL
Phase 7: ROI Analysis

To-Do:
[ ] Pull the 30-day MQL and pipeline report tied to Dunham Summit leads
[ ] Calculate speaking ROI vs. the event investment
[ ] Document session performance: attendance, leads, and conversions
[ ] Deliver the 60-day and 90-day funnel updates to leadership
[ ] Use data to evaluate Dunham Summit for future year investment","2026-02-07","2026-02-07","Dunham Summit","event-marketing"
"[Pastors Retreat (1)] Phase 1: Mission & Strategy","Event: Pastors Retreat (1)
Location: San Diego, CA
Phase 1: Mission & Strategy

To-Do:
[ ] Define retreat purpose and spiritual/relationship objectives
[ ] Set attendance target and guest qualification criteria
[ ] Confirm $80,000 budget and get the ROI framework approved
[ ] Document faith guardrails and hospitality standards for the experience
[ ] Assign retreat owner and planning team
[ ] Begin venue research and create a shortlist of 2–3 options","2025-12-31","2026-01-28","Pastors Retreat (1)","event-marketing"
"[Pastors Retreat (1)] Phase 2: Theme & Audience","Event: Pastors Retreat (1)
Location: San Diego, CA
Phase 2: Theme & Audience

To-Do:
[ ] Finalize retreat theme, visual identity, and invitation tone
[ ] Build the finalized ICP guest list of qualified pastors and ministry leaders
[ ] Develop a personalized invitation strategy and outreach plan
[ ] Finalize messaging, copy, and design for all invitation materials
[ ] Send invitations and track RSVPs in HubSpot","2026-02-11","2026-02-25","Pastors Retreat (1)","event-marketing"
"[Pastors Retreat (1)] Phase 3: Systems & Planning","Event: Pastors Retreat (1)
Location: San Diego, CA
Phase 3: Systems & Planning

To-Do:
[ ] Configure HubSpot for full guest tracking and RSVP management
[ ] Build a detailed run-of-show and session schedule for the retreat
[ ] Execute venue contract and lock the room block
[ ] Confirm all vendors: A/V, catering, activities, and transportation
[ ] Finalize critical path and risk register
[ ] Coordinate travel, ground transportation, and room assignments for all guests","2026-03-11","2026-03-25","Pastors Retreat (1)","event-marketing"
"[Pastors Retreat (1)] Phase 4: Final Prep","Event: Pastors Retreat (1)
Location: San Diego, CA
Phase 4: Final Prep

To-Do:
[ ] Finalize the complete on-site experience flow: sessions, meals, and activities
[ ] Lock the staffing plan and assign each team member their role
[ ] Confirm all guest travel and accommodation details are set
[ ] Prepare and ship all on-site materials, gifts, and branded collateral
[ ] Send the final retreat confirmation and detailed itinerary to every attendee
[ ] Get strategic, creative, and operations sign-off","2026-04-08","2026-04-21","Pastors Retreat (1)","event-marketing"
"[Pastors Retreat (1)] Phase 5: Execution","Event: Pastors Retreat (1)
Location: San Diego, CA
Phase 5: Execution

To-Do:
[ ] Personally welcome and onboard each attendee upon arrival
[ ] Execute all sessions and activities per the run-of-show
[ ] Capture detailed conversation notes for every attendee throughout the retreat
[ ] Identify high-priority relationship moments to highlight in follow-up
[ ] Team debrief each evening — review the day and adjust the next-day plan","2026-04-22","2026-04-24","Pastors Retreat (1)","event-marketing"
"[Pastors Retreat (1)] Phase 6: Follow-up","Event: Pastors Retreat (1)
Location: San Diego, CA
Phase 6: Follow-up

To-Do:
[ ] Send personalized, tailored thank-you notes to every attendee within 48 hours
[ ] Activate the 90-day post-retreat nurture sequence in HubSpot
[ ] Upload all attendees with detailed context and conversation notes to CRM
[ ] Identify the top retreat-to-pipeline opportunities
[ ] Schedule follow-up discovery or check-in calls with warm prospects","2026-04-25","2026-05-01","Pastors Retreat (1)","event-marketing"
"[Pastors Retreat (1)] Phase 7: ROI Analysis","Event: Pastors Retreat (1)
Location: San Diego, CA
Phase 7: ROI Analysis

To-Do:
[ ] Pull the 30/60/90-day pipeline and revenue report tied to retreat attendees
[ ] Calculate cost per qualified relationship built
[ ] Document retreat outcomes, attendee feedback, and key highlights
[ ] Deliver the full ROI and relationship impact report to leadership","2026-05-24","2026-05-24","Pastors Retreat (1)","event-marketing"
"[NRB Convention] Phase 1: Mission & Strategy","Event: NRB Convention
Location: Nashville, TN
Phase 1: Mission & Strategy

To-Do:
[ ] Define primary objectives: lead generation, meetings booked, brand visibility
[ ] Set MQL, SQL, and deal targets for the event
[ ] Define booth CTA and speaking session CTA
[ ] Confirm booth/sponsorship budget and minimum ROI threshold
[ ] Get faith alignment sign-off from leadership
[ ] Assign booth owner, speaking lead, and full team roster","2025-10-28","2025-11-25","NRB Convention","event-marketing"
"[NRB Convention] Phase 2: Theme & Audience","Event: NRB Convention
Location: Nashville, TN
Phase 2: Theme & Audience

To-Do:
[ ] Develop booth messaging, tagline, and visual concept
[ ] Align speaking presentation messaging with booth theme
[ ] Define ICP personas attending the conference
[ ] Build the pre-conference outreach and meeting-booking target list
[ ] Get approval on booth graphics, slide decks, demos, and handouts
[ ] Launch the pre-event email sequence and meeting-booking campaign","2025-12-09","2025-12-23","NRB Convention","event-marketing"
"[NRB Convention] Phase 3: Systems & Planning","Event: NRB Convention
Location: Nashville, TN
Phase 3: Systems & Planning

To-Do:
[ ] Integrate HubSpot with badge scanner for seamless lead capture
[ ] Set up event tracking with UTM parameters for all links
[ ] Build detailed run-of-show covering booth hours and speaking sessions
[ ] Test the full lead capture workflow from badge scan to CRM entry
[ ] Confirm the meeting booking system is live and linked to team calendars
[ ] Finalize booth shipping logistics and confirm setup window","2026-01-06","2026-01-20","NRB Convention","event-marketing"
"[NRB Convention] Phase 4: Final Prep","Event: NRB Convention
Location: Nashville, TN
Phase 4: Final Prep

To-Do:
[ ] Brief and train all booth staff on messaging, goals, and lead qualification
[ ] Activate meeting booking links and confirm the full on-site schedule
[ ] Confirm all booth materials, demos, and giveaways have shipped
[ ] Assign on-site owner and designate a backup in case of emergency
[ ] Walk through the run-of-show one final time with the full team
[ ] Get creative, strategic, and operations sign-off on all assets","2026-02-03","2026-02-16","NRB Convention","event-marketing"
"[NRB Convention] Phase 5: Execution","Event: NRB Convention
Location: Nashville, TN
Phase 5: Execution

To-Do:
[ ] Set up booth on arrival — confirm all materials are present and functional
[ ] Run morning check-ins each day to hit daily lead and meeting targets
[ ] Capture all leads via badge scanner and ensure CRM sync is working
[ ] Deliver all scheduled speaking sessions
[ ] Flag hot prospects in real time and brief the team each evening
[ ] Nightly team debrief: recap leads, hot prospects, and next-day priorities","2026-02-17","2026-02-20","NRB Convention","event-marketing"
"[NRB Convention] Phase 6: Follow-up","Event: NRB Convention
Location: Nashville, TN
Phase 6: Follow-up

To-Do:
[ ] Upload all event leads to HubSpot within 48 hours of event close
[ ] Send personalized follow-up emails to hot leads within 72 hours
[ ] Activate the full post-event nurture sequence in HubSpot
[ ] Share the event debrief and top prospect list with the sales team
[ ] Flag SQL-ready leads for immediate SDR outreach","2026-02-21","2026-02-27","NRB Convention","event-marketing"
"[NRB Convention] Phase 7: ROI Analysis","Event: NRB Convention
Location: Nashville, TN
Phase 7: ROI Analysis

To-Do:
[ ] Pull the 30-day MQL, SQL, and pipeline report from event leads
[ ] Calculate total event ROI vs. all-in budget
[ ] Deliver 60-day and 90-day funnel updates to leadership
[ ] Document booth performance, session outcomes, and lessons learned
[ ] Share the final ROI report and evaluate conference for next year","2026-03-22","2026-03-22","NRB Convention","event-marketing"
"[April Event (TBD)] Phase 1: Mission & Strategy","Event: April Event (TBD)
Location: Dallas, TX
Phase 1: Mission & Strategy

To-Do:
[ ] Define event purpose and VIP relationship objectives
[ ] Confirm or select the specific sporting event, venue, and date
[ ] Set attendance target (~18–23 VIP guests) and guest list criteria
[ ] Confirm $30,000 budget and get leadership approval
[ ] Document faith guardrails and hospitality standards
[ ] Assign event owner and host team","2026-01-05","2026-02-02","April Event (TBD)","event-marketing"
"[April Event (TBD)] Phase 2: Theme & Audience","Event: April Event (TBD)
Location: Dallas, TX
Phase 2: Theme & Audience

To-Do:
[ ] Build the finalized VIP guest list in HubSpot with priority tiers
[ ] Draft personalized invitation messaging for each guest or segment
[ ] Confirm invite format: digital, physical, or hybrid
[ ] Align branded visuals and experience theme for the event
[ ] Send invitations and track all RSVPs in HubSpot","2026-02-16","2026-03-02","April Event (TBD)","event-marketing"
"[April Event (TBD)] Phase 3: Systems & Planning","Event: April Event (TBD)
Location: Dallas, TX
Phase 3: Systems & Planning

To-Do:
[ ] Purchase or confirm ticket block, suite, or VIP access
[ ] Finalize all logistics: transportation, parking, catering, and hospitality setup
[ ] Configure HubSpot for guest tracking and post-event follow-up
[ ] Define specific conversation goals or a natural CTA for each key guest
[ ] Build a detailed run-of-show for the event evening","2026-03-16","2026-03-30","April Event (TBD)","event-marketing"
"[April Event (TBD)] Phase 4: Final Prep","Event: April Event (TBD)
Location: Dallas, TX
Phase 4: Final Prep

To-Do:
[ ] Confirm final headcount and lock the VIP guest list
[ ] Prepare branded guest experience materials and personalized gifts
[ ] Assign a primary event host and on-site support staff
[ ] Brief every team member on individual conversation goals for each guest
[ ] Get final approval on all logistics, gifts, and the overall experience plan","2026-04-13","2026-04-26","April Event (TBD)","event-marketing"
"[April Event (TBD)] Phase 5: Execution","Event: April Event (TBD)
Location: Dallas, TX
Phase 5: Execution

To-Do:
[ ] Welcome each VIP guest personally upon arrival
[ ] Execute hospitality and the guest experience per the run-of-show
[ ] Capture key conversation notes for every guest in real time
[ ] Identify pipeline opportunities and follow-up priorities on the spot
[ ] Communicate PRAY.COM's mission and value naturally throughout the evening","2026-04-27","2026-04-29","April Event (TBD)","event-marketing"
"[April Event (TBD)] Phase 6: Follow-up","Event: April Event (TBD)
Location: Dallas, TX
Phase 6: Follow-up

To-Do:
[ ] Send personalized thank-you messages to every guest within 24 hours
[ ] Activate the 90-day post-event nurture sequence in HubSpot
[ ] Upload all guests with full conversation notes to CRM
[ ] Flag guests ready for SDR or direct sales outreach
[ ] Share the event debrief with the sales team within 48 hours","2026-04-30","2026-05-06","April Event (TBD)","event-marketing"
"[April Event (TBD)] Phase 7: ROI Analysis","Event: April Event (TBD)
Location: Dallas, TX
Phase 7: ROI Analysis

To-Do:
[ ] Pull the 30/60/90-day pipeline report tied to VIP event guests
[ ] Calculate ROI vs. $30,000 event budget
[ ] Document relationships built, pipeline created, and opportunities identified
[ ] Share the final performance report with leadership","2026-05-29","2026-05-29","April Event (TBD)","event-marketing"
"[America Reads the Bible] Phase 1: Mission & Strategy","Event: America Reads the Bible
Location: Washington, D.C.
Phase 1: Mission & Strategy

To-Do:
[ ] Define conference objective: leads, awareness, or relationship building
[ ] Confirm participation format (attending, co-sponsoring, or speaking)
[ ] Set success targets: MQLs, meetings booked, and key contacts made
[ ] Confirm budget and get leadership approval
[ ] Get faith alignment sign-off
[ ] Assign event owner and attending team","2025-12-29","2026-01-26","America Reads the Bible","event-marketing"
"[America Reads the Bible] Phase 2: Theme & Audience","Event: America Reads the Bible
Location: Washington, D.C.
Phase 2: Theme & Audience

To-Do:
[ ] Align PRAY.COM messaging with the specific conference audience
[ ] Define ICP profile and lead qualification criteria for this event
[ ] Prepare conference-appropriate materials, handouts, and collateral
[ ] Build a pre-conference outreach list of expected attendees
[ ] Get all messaging and materials reviewed and approved","2026-02-09","2026-02-23","America Reads the Bible","event-marketing"
"[America Reads the Bible] Phase 3: Systems & Planning","Event: America Reads the Bible
Location: Washington, D.C.
Phase 3: Systems & Planning

To-Do:
[ ] Configure HubSpot to capture leads and track interactions at the event
[ ] Finalize travel, hotel, and on-site logistics for the attending team
[ ] Confirm any sponsorship deliverables or session commitments due to organizer
[ ] Build a daily schedule and run-of-show for the attending team","2026-03-09","2026-03-23","America Reads the Bible","event-marketing"
"[America Reads the Bible] Phase 4: Final Prep","Event: America Reads the Bible
Location: Washington, D.C.
Phase 4: Final Prep

To-Do:
[ ] Confirm final staffing and designate the on-site owner
[ ] Pack or ship all materials, handouts, and branded items
[ ] Brief the attending team on messaging, goals, and lead qualification criteria
[ ] Confirm any pre-scheduled meetings or booking slots","2026-04-06","2026-04-19","America Reads the Bible","event-marketing"
"[America Reads the Bible] Phase 5: Execution","Event: America Reads the Bible
Location: Washington, D.C.
Phase 5: Execution

To-Do:
[ ] Attend all relevant sessions and actively represent PRAY.COM
[ ] Capture qualified leads and hold meaningful conversations with ICP contacts
[ ] Log key contact notes in real time or immediately after each session
[ ] Flag top prospects for immediate post-event follow-up","2026-04-20","2026-04-21","America Reads the Bible","event-marketing"
"[America Reads the Bible] Phase 6: Follow-up","Event: America Reads the Bible
Location: Washington, D.C.
Phase 6: Follow-up

To-Do:
[ ] Upload all leads and contacts to HubSpot within 48 hours
[ ] Activate the post-event nurture sequence
[ ] Send personalized follow-up messages to every key contact
[ ] Share the conference debrief and top contact list with the sales team","2026-04-22","2026-04-28","America Reads the Bible","event-marketing"
"[America Reads the Bible] Phase 7: ROI Analysis","Event: America Reads the Bible
Location: Washington, D.C.
Phase 7: ROI Analysis

To-Do:
[ ] Pull 30-day report on leads, meetings booked, and pipeline created
[ ] Calculate event ROI vs. total conference investment
[ ] Document key insights, standout contacts, and recommendations
[ ] Deliver the final event performance summary to leadership","2026-05-21","2026-05-21","America Reads the Bible","event-marketing"
"[MegaMetro] Phase 1: Mission & Strategy","Event: MegaMetro
Location: Boston, MA
Phase 1: Mission & Strategy

To-Do:
[ ] Define conference objective: leads, awareness, or relationship building
[ ] Confirm participation format (attending, co-sponsoring, or speaking)
[ ] Set success targets: MQLs, meetings booked, and key contacts made
[ ] Confirm budget and get leadership approval
[ ] Get faith alignment sign-off
[ ] Assign event owner and attending team","2026-01-04","2026-02-01","MegaMetro","event-marketing"
"[MegaMetro] Phase 2: Theme & Audience","Event: MegaMetro
Location: Boston, MA
Phase 2: Theme & Audience

To-Do:
[ ] Align PRAY.COM messaging with the specific conference audience
[ ] Define ICP profile and lead qualification criteria for this event
[ ] Prepare conference-appropriate materials, handouts, and collateral
[ ] Build a pre-conference outreach list of expected attendees
[ ] Get all messaging and materials reviewed and approved","2026-02-15","2026-03-01","MegaMetro","event-marketing"
"[MegaMetro] Phase 3: Systems & Planning","Event: MegaMetro
Location: Boston, MA
Phase 3: Systems & Planning

To-Do:
[ ] Configure HubSpot to capture leads and track interactions at the event
[ ] Finalize travel, hotel, and on-site logistics for the attending team
[ ] Confirm any sponsorship deliverables or session commitments due to organizer
[ ] Build a daily schedule and run-of-show for the attending team","2026-03-15","2026-03-29","MegaMetro","event-marketing"
"[MegaMetro] Phase 4: Final Prep","Event: MegaMetro
Location: Boston, MA
Phase 4: Final Prep

To-Do:
[ ] Confirm final staffing and designate the on-site owner
[ ] Pack or ship all materials, handouts, and branded items
[ ] Brief the attending team on messaging, goals, and lead qualification criteria
[ ] Confirm any pre-scheduled meetings or booking slots","2026-04-12","2026-04-25","MegaMetro","event-marketing"
"[MegaMetro] Phase 5: Execution","Event: MegaMetro
Location: Boston, MA
Phase 5: Execution

To-Do:
[ ] Attend all relevant sessions and actively represent PRAY.COM
[ ] Capture qualified leads and hold meaningful conversations with ICP contacts
[ ] Log key contact notes in real time or immediately after each session
[ ] Flag top prospects for immediate post-event follow-up","2026-04-26","2026-04-28","MegaMetro","event-marketing"
"[MegaMetro] Phase 6: Follow-up","Event: MegaMetro
Location: Boston, MA
Phase 6: Follow-up

To-Do:
[ ] Upload all leads and contacts to HubSpot within 48 hours
[ ] Activate the post-event nurture sequence
[ ] Send personalized follow-up messages to every key contact
[ ] Share the conference debrief and top contact list with the sales team","2026-04-29","2026-05-05","MegaMetro","event-marketing"
"[MegaMetro] Phase 7: ROI Analysis","Event: MegaMetro
Location: Boston, MA
Phase 7: ROI Analysis

To-Do:
[ ] Pull 30-day report on leads, meetings booked, and pipeline created
[ ] Calculate event ROI vs. total conference investment
[ ] Document key insights, standout contacts, and recommendations
[ ] Deliver the final event performance summary to leadership","2026-05-28","2026-05-28","MegaMetro","event-marketing"
"[Outcomes Conference] Phase 1: Mission & Strategy","Event: Outcomes Conference
Location: Dallas, TX — Hyatt Regency DFW International Airport
Phase 1: Mission & Strategy

To-Do:
[ ] Define primary objectives: lead gen, meetings booked, ministry brand elevation
[ ] Set MQL, SQL, and deal targets for the Outcomes Conference
[ ] Define speaking CTAs for Max Bard (AI content) and Ryan Beck (AI ministry)
[ ] Confirm Premier sponsorship at $34,850 and minimum ROI threshold
[ ] Get faith alignment sign-off from leadership
[ ] Assign Grand Foyer booth owner, speaking leads, and team roster","2026-01-06","2026-02-03","Outcomes Conference","event-marketing"
"[Outcomes Conference] Phase 2: Theme & Audience","Event: Outcomes Conference
Location: Dallas, TX — Hyatt Regency DFW International Airport
Phase 2: Theme & Audience

To-Do:
[ ] Develop Grand Foyer booth messaging, theme, and visual concept (conference theme: 'Multiply')
[ ] Finalize Max Bard session: 'AI Secrets for Creating Cinematic Content' (Marketing & Communications track)
[ ] Finalize Ryan Beck session: 'AI for Ministry Leaders' (Internet & Technology track)
[ ] Define ICP personas: nonprofit execs, ministry leaders, church administrators
[ ] Import CLA attendee list into HubSpot and build pre-event outreach sequence
[ ] Approve booth graphics, session slide decks, and handout materials
[ ] Launch pre-conference email and meeting-booking campaign
[ ] ACTION REQUIRED: Blog post deadline was Jan 30 — contact Donna Bostick to confirm status
[ ] ACTION REQUIRED: Program ad artwork deadline was Feb 20 — contact Donna Bostick to confirm status","2026-02-17","2026-03-03","Outcomes Conference","event-marketing"
"[Outcomes Conference] Phase 3: Systems & Planning","Event: Outcomes Conference
Location: Dallas, TX — Hyatt Regency DFW International Airport
Phase 3: Systems & Planning

To-Do:
[ ] Integrate HubSpot with badge scanner for Grand Foyer booth lead capture
[ ] Configure event tracking and UTM parameters for all pre-event links
[ ] Build run-of-show: booth hours, speaking sessions, and Grand Opening Reception
[ ] Test full lead capture workflow from badge scan to CRM entry
[ ] Confirm meeting booking system is live for Apr 28–30
[ ] Finalize and ship all booth materials to Hyatt Regency DFW International Airport
[ ] Confirm all 4 full-conference registrations are reserved and active","2026-03-17","2026-03-31","Outcomes Conference","event-marketing"
"[Outcomes Conference] Phase 4: Final Prep","Event: Outcomes Conference
Location: Dallas, TX — Hyatt Regency DFW International Airport
Phase 4: Final Prep

To-Do:
[ ] Brief and train all 4 booth personnel on messaging and lead qualification goals
[ ] DEADLINE: Register all booth personnel by April 1
[ ] Confirm Grand Opening Reception attendance (Apr 28, 5:30–7 PM)
[ ] Activate meeting booking links and finalize the full Apr 28–30 schedule
[ ] Confirm all booth materials and giveaways have arrived at Hyatt DFW
[ ] Assign on-site booth owner and designate a backup
[ ] Get creative, strategic, and operations sign-off on all assets","2026-04-14","2026-04-27","Outcomes Conference","event-marketing"
"[Outcomes Conference] Phase 5: Execution","Event: Outcomes Conference
Location: Dallas, TX — Hyatt Regency DFW International Airport
Phase 5: Execution

To-Do:
[ ] Booth load-in: Apr 28, 8 AM–4 PM at Grand Foyer, Hyatt Regency DFW
[ ] Attend Grand Opening Reception: Apr 28, 5:30–7 PM — prioritize key prospect conversations
[ ] Max Bard: Deliver 'AI Secrets for Creating Cinematic Content' — Tue Apr 28, 2:00–3:30 PM
[ ] Ryan Beck: Deliver 'AI for Ministry Leaders' — Wed Apr 29, 10:30 AM–12:00 PM
[ ] Staff Grand Foyer booth: Wed Apr 29 (10 AM–5:30 PM), Thu Apr 30 (10 AM–2 PM)
[ ] Capture all leads via badge scanner — confirm CRM sync daily
[ ] Flag hot prospects in real time and share priority list with team nightly
[ ] Begin booth teardown: Thu Apr 30, 2–6 PM","2026-04-28","2026-04-30","Outcomes Conference","event-marketing"
"[Outcomes Conference] Phase 6: Follow-up","Event: Outcomes Conference
Location: Dallas, TX — Hyatt Regency DFW International Airport
Phase 6: Follow-up

To-Do:
[ ] Upload all booth and session leads to HubSpot within 48 hours
[ ] Send personalized follow-up emails to hot leads within 72 hours
[ ] Activate post-event nurture sequence in HubSpot
[ ] Contact Donna Bostick (Donna.Bostick@ChristianLeadershipAlliance.org) to confirm post-conference attendee list
[ ] Share post-event debrief and speaking session highlights with the sales team
[ ] Flag SQL-ready leads for immediate SDR outreach","2026-05-01","2026-05-07","Outcomes Conference","event-marketing"
"[Outcomes Conference] Phase 7: ROI Analysis","Event: Outcomes Conference
Location: Dallas, TX — Hyatt Regency DFW International Airport
Phase 7: ROI Analysis

To-Do:
[ ] Pull 30-day MQL, SQL, and pipeline report from Outcomes Conference leads
[ ] Calculate Premier sponsorship ROI vs. $34,850 investment
[ ] Deliver 60-day and 90-day funnel updates to leadership
[ ] Document Grand Foyer booth traffic, session attendance, and lead quality
[ ] Share the final ROI report with leadership
[ ] Evaluate Premier sponsorship renewal for TOC 2027","2026-05-30","2026-05-30","Outcomes Conference","event-marketing"
"[May Event (TBD)] Phase 1: Mission & Strategy","Event: May Event (TBD)
Location: Houston, TX
Phase 1: Mission & Strategy

To-Do:
[ ] Define event purpose and VIP relationship objectives
[ ] Confirm or select the specific sporting event, venue, and date
[ ] Set attendance target (~18–23 VIP guests) and guest list criteria
[ ] Confirm $30,000 budget and get leadership approval
[ ] Document faith guardrails and hospitality standards
[ ] Assign event owner and host team","2026-01-23","2026-02-20","May Event (TBD)","event-marketing"
"[May Event (TBD)] Phase 2: Theme & Audience","Event: May Event (TBD)
Location: Houston, TX
Phase 2: Theme & Audience

To-Do:
[ ] Build the finalized VIP guest list in HubSpot with priority tiers
[ ] Draft personalized invitation messaging for each guest or segment
[ ] Confirm invite format: digital, physical, or hybrid
[ ] Align branded visuals and experience theme for the event
[ ] Send invitations and track all RSVPs in HubSpot","2026-03-06","2026-03-20","May Event (TBD)","event-marketing"
"[May Event (TBD)] Phase 3: Systems & Planning","Event: May Event (TBD)
Location: Houston, TX
Phase 3: Systems & Planning

To-Do:
[ ] Purchase or confirm ticket block, suite, or VIP access
[ ] Finalize all logistics: transportation, parking, catering, and hospitality setup
[ ] Configure HubSpot for guest tracking and post-event follow-up
[ ] Define specific conversation goals or a natural CTA for each key guest
[ ] Build a detailed run-of-show for the event evening","2026-04-03","2026-04-17","May Event (TBD)","event-marketing"
"[May Event (TBD)] Phase 4: Final Prep","Event: May Event (TBD)
Location: Houston, TX
Phase 4: Final Prep

To-Do:
[ ] Confirm final headcount and lock the VIP guest list
[ ] Prepare branded guest experience materials and personalized gifts
[ ] Assign a primary event host and on-site support staff
[ ] Brief every team member on individual conversation goals for each guest
[ ] Get final approval on all logistics, gifts, and the overall experience plan","2026-05-01","2026-05-14","May Event (TBD)","event-marketing"
"[May Event (TBD)] Phase 5: Execution","Event: May Event (TBD)
Location: Houston, TX
Phase 5: Execution

To-Do:
[ ] Welcome each VIP guest personally upon arrival
[ ] Execute hospitality and the guest experience per the run-of-show
[ ] Capture key conversation notes for every guest in real time
[ ] Identify pipeline opportunities and follow-up priorities on the spot
[ ] Communicate PRAY.COM's mission and value naturally throughout the evening","2026-05-15","2026-05-16","May Event (TBD)","event-marketing"
"[May Event (TBD)] Phase 6: Follow-up","Event: May Event (TBD)
Location: Houston, TX
Phase 6: Follow-up

To-Do:
[ ] Send personalized thank-you messages to every guest within 24 hours
[ ] Activate the 90-day post-event nurture sequence in HubSpot
[ ] Upload all guests with full conversation notes to CRM
[ ] Flag guests ready for SDR or direct sales outreach
[ ] Share the event debrief with the sales team within 48 hours","2026-05-17","2026-05-23","May Event (TBD)","event-marketing"
"[May Event (TBD)] Phase 7: ROI Analysis","Event: May Event (TBD)
Location: Houston, TX
Phase 7: ROI Analysis

To-Do:
[ ] Pull the 30/60/90-day pipeline report tied to VIP event guests
[ ] Calculate ROI vs. $30,000 event budget
[ ] Document relationships built, pipeline created, and opportunities identified
[ ] Share the final performance report with leadership","2026-06-15","2026-06-15","May Event (TBD)","event-marketing"
"[America Prays National Mall] Phase 1: Mission & Strategy","Event: America Prays National Mall
Location: Philadelphia, PA
Phase 1: Mission & Strategy

To-Do:
[ ] Define PRAY.COM's awareness and ministry objectives for America Prays
[ ] Confirm PRAY.COM's participation role, visibility level, and deliverables
[ ] Set success metrics: reach, brand impressions, ministry alignment, and app downloads
[ ] Confirm $50,000 budget and get leadership approval
[ ] Document faith guardrails and brand standards for the event
[ ] Assign event owner and attending team","2026-01-26","2026-02-23","America Prays National Mall","event-marketing"
"[America Prays National Mall] Phase 2: Theme & Audience","Event: America Prays National Mall
Location: Philadelphia, PA
Phase 2: Theme & Audience

To-Do:
[ ] Align PRAY.COM's messaging with the event's spiritual theme
[ ] Identify key partner organizations and relationship-building opportunities
[ ] Develop the full PRAY.COM presence strategy: stage, signage, digital, and app
[ ] Finalize all creative assets for every event placement
[ ] Get content and creative sign-off from leadership","2026-03-09","2026-03-23","America Prays National Mall","event-marketing"
"[America Prays National Mall] Phase 3: Systems & Planning","Event: America Prays National Mall
Location: Philadelphia, PA
Phase 3: Systems & Planning

To-Do:
[ ] Confirm all on-site logistics and PRAY.COM setup requirements with organizers
[ ] Coordinate with event organizers on visibility placement and promotional opportunities
[ ] Set up any digital engagement tools or PRAY.COM app push campaigns for attendees
[ ] Build a detailed run-of-show for PRAY.COM's full on-site presence
[ ] Finalize travel, logistics, and accommodation for the attending team","2026-04-06","2026-04-20","America Prays National Mall","event-marketing"
"[America Prays National Mall] Phase 4: Final Prep","Event: America Prays National Mall
Location: Philadelphia, PA
Phase 4: Final Prep

To-Do:
[ ] Confirm staffing and full on-site coverage plan for the event
[ ] Finalize and ship all signage, collateral, and branded assets
[ ] Confirm all partnership, visibility, and sponsorship deliverables are in order
[ ] Brief the attending team on spiritual objectives and brand guidelines","2026-05-04","2026-05-17","America Prays National Mall","event-marketing"
"[America Prays National Mall] Phase 5: Execution","Event: America Prays National Mall
Location: Philadelphia, PA
Phase 5: Execution

To-Do:
[ ] Execute PRAY.COM's full presence and representation at the event
[ ] Engage authentically with attendees, speakers, and ministry partners
[ ] Capture photo and video content for post-event social and media use
[ ] Document key relationships, spiritual moments, and ministry connections made","2026-05-18","2026-05-18","America Prays National Mall","event-marketing"
"[America Prays National Mall] Phase 6: Follow-up","Event: America Prays National Mall
Location: Philadelphia, PA
Phase 6: Follow-up

To-Do:
[ ] Share an event impact summary internally within 48 hours
[ ] Follow up personally with every key ministry leader and partner
[ ] Upload all new contacts to HubSpot
[ ] Post a compelling event recap across PRAY.COM social and digital channels
[ ] Send thank-you notes to event organizers and ministry partners","2026-05-19","2026-05-25","America Prays National Mall","event-marketing"
"[America Prays National Mall] Phase 7: ROI Analysis","Event: America Prays National Mall
Location: Philadelphia, PA
Phase 7: ROI Analysis

To-Do:
[ ] Document total brand reach, impressions, and media exposure from the event
[ ] Assess alignment with PRAY.COM's ministry mission and spiritual values
[ ] Report on key relationships and ministry moments from America Prays
[ ] Deliver the post-event summary and brand impact report to leadership","2026-06-17","2026-06-17","America Prays National Mall","event-marketing"
"[June Event (TBD)] Phase 1: Mission & Strategy","Event: June Event (TBD)
Location: Dallas, TX
Phase 1: Mission & Strategy

To-Do:
[ ] Define event purpose and VIP relationship objectives
[ ] Confirm or select the specific sporting event, venue, and date
[ ] Set attendance target (~18–23 VIP guests) and guest list criteria
[ ] Confirm $30,000 budget and get leadership approval
[ ] Document faith guardrails and hospitality standards
[ ] Assign event owner and host team","2026-02-27","2026-03-27","June Event (TBD)","event-marketing"
"[June Event (TBD)] Phase 2: Theme & Audience","Event: June Event (TBD)
Location: Dallas, TX
Phase 2: Theme & Audience

To-Do:
[ ] Build the finalized VIP guest list in HubSpot with priority tiers
[ ] Draft personalized invitation messaging for each guest or segment
[ ] Confirm invite format: digital, physical, or hybrid
[ ] Align branded visuals and experience theme for the event
[ ] Send invitations and track all RSVPs in HubSpot","2026-04-10","2026-04-24","June Event (TBD)","event-marketing"
"[June Event (TBD)] Phase 3: Systems & Planning","Event: June Event (TBD)
Location: Dallas, TX
Phase 3: Systems & Planning

To-Do:
[ ] Purchase or confirm ticket block, suite, or VIP access
[ ] Finalize all logistics: transportation, parking, catering, and hospitality setup
[ ] Configure HubSpot for guest tracking and post-event follow-up
[ ] Define specific conversation goals or a natural CTA for each key guest
[ ] Build a detailed run-of-show for the event evening","2026-05-08","2026-05-22","June Event (TBD)","event-marketing"
"[June Event (TBD)] Phase 4: Final Prep","Event: June Event (TBD)
Location: Dallas, TX
Phase 4: Final Prep

To-Do:
[ ] Confirm final headcount and lock the VIP guest list
[ ] Prepare branded guest experience materials and personalized gifts
[ ] Assign a primary event host and on-site support staff
[ ] Brief every team member on individual conversation goals for each guest
[ ] Get final approval on all logistics, gifts, and the overall experience plan","2026-06-05","2026-06-18","June Event (TBD)","event-marketing"
"[June Event (TBD)] Phase 5: Execution","Event: June Event (TBD)
Location: Dallas, TX
Phase 5: Execution

To-Do:
[ ] Welcome each VIP guest personally upon arrival
[ ] Execute hospitality and the guest experience per the run-of-show
[ ] Capture key conversation notes for every guest in real time
[ ] Identify pipeline opportunities and follow-up priorities on the spot
[ ] Communicate PRAY.COM's mission and value naturally throughout the evening","2026-06-19","2026-06-21","June Event (TBD)","event-marketing"
"[June Event (TBD)] Phase 6: Follow-up","Event: June Event (TBD)
Location: Dallas, TX
Phase 6: Follow-up

To-Do:
[ ] Send personalized thank-you messages to every guest within 24 hours
[ ] Activate the 90-day post-event nurture sequence in HubSpot
[ ] Upload all guests with full conversation notes to CRM
[ ] Flag guests ready for SDR or direct sales outreach
[ ] Share the event debrief with the sales team within 48 hours","2026-06-22","2026-06-28","June Event (TBD)","event-marketing"
"[June Event (TBD)] Phase 7: ROI Analysis","Event: June Event (TBD)
Location: Dallas, TX
Phase 7: ROI Analysis

To-Do:
[ ] Pull the 30/60/90-day pipeline report tied to VIP event guests
[ ] Calculate ROI vs. $30,000 event budget
[ ] Document relationships built, pipeline created, and opportunities identified
[ ] Share the final performance report with leadership","2026-07-21","2026-07-21","June Event (TBD)","event-marketing"
"[SBC VIP Event] Phase 1: Mission & Strategy","Event: SBC VIP Event
Location: Orlando, FL
Phase 1: Mission & Strategy

To-Do:
[ ] Define the SBC VIP event purpose and relationship objectives
[ ] Confirm SBC Annual Convention context: Jun 6–8, 2026, Orlando, FL
[ ] Set attendance target (~23 VIP guests) and guest qualification criteria
[ ] Confirm $32,200 budget and get leadership approval
[ ] Document faith guardrails and hospitality standards
[ ] Assign event owner and host team","2026-02-14","2026-03-14","SBC VIP Event","event-marketing"
"[SBC VIP Event] Phase 2: Theme & Audience","Event: SBC VIP Event
Location: Orlando, FL
Phase 2: Theme & Audience

To-Do:
[ ] Build the finalized VIP guest list targeting SBC church and ministry leaders
[ ] Draft personalized invitation messaging tailored to the SBC leader audience
[ ] Confirm invite format: digital, physical, or hybrid
[ ] Align PRAY.COM visuals and experience theme for the SBC context
[ ] Send invitations and track RSVPs in HubSpot","2026-03-28","2026-04-11","SBC VIP Event","event-marketing"
"[SBC VIP Event] Phase 3: Systems & Planning","Event: SBC VIP Event
Location: Orlando, FL
Phase 3: Systems & Planning

To-Do:
[ ] Finalize VIP venue: dinner, private experience, or hospitality event in Orlando
[ ] Confirm all logistics: transportation, catering, parking, and hospitality setup
[ ] Configure HubSpot for SBC VIP guest tracking and post-event follow-up
[ ] Define specific conversation goals and a natural CTA for each target guest
[ ] Build a detailed run-of-show for the SBC VIP event","2026-04-25","2026-05-09","SBC VIP Event","event-marketing"
"[SBC VIP Event] Phase 4: Final Prep","Event: SBC VIP Event
Location: Orlando, FL
Phase 4: Final Prep

To-Do:
[ ] Confirm final headcount and lock the VIP guest list
[ ] Prepare branded guest experience materials and personalized gifts
[ ] Assign primary event host and on-site support staff
[ ] Brief every team member on individual conversation goals per SBC leader
[ ] Get final approval on all logistics, gifts, and the event plan","2026-05-23","2026-06-05","SBC VIP Event","event-marketing"
"[SBC VIP Event] Phase 5: Execution","Event: SBC VIP Event
Location: Orlando, FL
Phase 5: Execution

To-Do:
[ ] Welcome each SBC VIP guest personally upon arrival
[ ] Execute hospitality and the guest experience per the run-of-show
[ ] Capture detailed conversation notes for every guest in real time
[ ] Identify ministry connection moments and pipeline opportunities
[ ] Communicate PRAY.COM's mission and value naturally throughout","2026-06-06","2026-06-08","SBC VIP Event","event-marketing"
"[SBC VIP Event] Phase 6: Follow-up","Event: SBC VIP Event
Location: Orlando, FL
Phase 6: Follow-up

To-Do:
[ ] Send personalized thank-you messages to every guest within 24 hours
[ ] Activate the 90-day post-event nurture sequence in HubSpot
[ ] Upload all SBC VIP guests with full conversation notes to HubSpot
[ ] Flag warm leads ready for SDR or direct sales outreach
[ ] Share the SBC event debrief with the sales team within 48 hours","2026-06-09","2026-06-15","SBC VIP Event","event-marketing"
"[SBC VIP Event] Phase 7: ROI Analysis","Event: SBC VIP Event
Location: Orlando, FL
Phase 7: ROI Analysis

To-Do:
[ ] Pull the 30/60/90-day pipeline report tied to SBC VIP guests
[ ] Calculate ROI vs. $32,200 event budget
[ ] Document ministry relationships built and church leader opportunities identified
[ ] Deliver the final performance report to leadership","2026-07-08","2026-07-08","SBC VIP Event","event-marketing"
"[BCI Conference] Phase 1: Mission & Strategy","Event: BCI Conference
Location: Atlanta, GA
Phase 1: Mission & Strategy

To-Do:
[ ] Define sponsorship objective: brand reach, relationship building, or leads
[ ] Confirm BCI Conference sponsorship tier and full list of deliverables
[ ] Set measurable success metrics: impressions, leads, or key relationships
[ ] Confirm $15,000 sponsorship budget and get leadership approval
[ ] Get faith alignment sign-off from leadership
[ ] Assign sponsorship owner and attending team member(s)
[ ] NOTE: BCI Conference (Jun 19–20, Atlanta) conflicts with June Event (Jun 19–21, Dallas) — plan team split now","2026-02-27","2026-03-27","BCI Conference","event-marketing"
"[BCI Conference] Phase 2: Theme & Audience","Event: BCI Conference
Location: Atlanta, GA
Phase 2: Theme & Audience

To-Do:
[ ] Adapt PRAY.COM brand messaging to fit the BCI Conference audience and tone
[ ] Confirm expected audience size, key attendee profiles, and reach
[ ] Prepare or adapt all brand assets for sponsor placements
[ ] Identify target attendees for direct relationship building","2026-04-10","2026-04-24","BCI Conference","event-marketing"
"[BCI Conference] Phase 3: Systems & Planning","Event: BCI Conference
Location: Atlanta, GA
Phase 3: Systems & Planning

To-Do:
[ ] Deliver all required sponsorship assets to the BCI organizer by their deadline
[ ] Define PRAY.COM's CTA or lead capture mechanism at the event
[ ] Secure any pre-event or post-event touchpoints with BCI organizers
[ ] Confirm travel and logistics for attending team members
[ ] Coordinate with June Event team on the split-team logistics plan","2026-05-08","2026-05-22","BCI Conference","event-marketing"
"[BCI Conference] Phase 4: Final Prep","Event: BCI Conference
Location: Atlanta, GA
Phase 4: Final Prep

To-Do:
[ ] Confirm all sponsorship assets are correctly placed and live
[ ] Set up attribution tracking for any PRAY.COM CTAs or links at the event
[ ] Brief attending team on relationship targets, goals, and messaging
[ ] Finalize the June Event / BCI split-team assignments","2026-06-05","2026-06-18","BCI Conference","event-marketing"
"[BCI Conference] Phase 5: Execution","Event: BCI Conference
Location: Atlanta, GA
Phase 5: Execution

To-Do:
[ ] Attend the BCI Conference and represent the PRAY.COM sponsorship presence
[ ] Engage with key attendees and nonprofit or ministry leaders
[ ] Capture and log contact notes for any new relationships
[ ] Confirm sponsor deliverables (signage, digital mentions, stage mentions) are fulfilled","2026-06-19","2026-06-20","BCI Conference","event-marketing"
"[BCI Conference] Phase 6: Follow-up","Event: BCI Conference
Location: Atlanta, GA
Phase 6: Follow-up

To-Do:
[ ] Follow up with every key contact from BCI Conference within 48 hours
[ ] Upload all new contacts to HubSpot
[ ] Activate a targeted post-event follow-up sequence for warm relationships","2026-06-21","2026-06-27","BCI Conference","event-marketing"
"[BCI Conference] Phase 7: ROI Analysis","Event: BCI Conference
Location: Atlanta, GA
Phase 7: ROI Analysis

To-Do:
[ ] Measure brand reach, audience impressions, and sponsor deliverable fulfillment
[ ] Calculate sponsorship ROI vs. $15,000 investment
[ ] Evaluate relationship outcomes against the original objectives
[ ] Deliver the post-event sponsorship summary to leadership","2026-07-20","2026-07-20","BCI Conference","event-marketing"
"[Pastors Retreat (2)] Phase 1: Mission & Strategy","Event: Pastors Retreat (2)
Location: TBD
Phase 1: Mission & Strategy

To-Do:
[ ] Define retreat purpose and spiritual/relationship objectives
[ ] Set attendance target and guest qualification criteria
[ ] Confirm $80,000 budget and get the ROI framework approved
[ ] Document faith guardrails and hospitality standards for the experience
[ ] Assign retreat owner and planning team
[ ] Begin venue research and create a shortlist of 2–3 options","2026-03-04","2026-04-01","Pastors Retreat (2)","event-marketing"
"[Pastors Retreat (2)] Phase 2: Theme & Audience","Event: Pastors Retreat (2)
Location: TBD
Phase 2: Theme & Audience

To-Do:
[ ] Finalize retreat theme, visual identity, and invitation tone
[ ] Build the finalized ICP guest list of qualified pastors and ministry leaders
[ ] Develop a personalized invitation strategy and outreach plan
[ ] Finalize messaging, copy, and design for all invitation materials
[ ] Send invitations and track RSVPs in HubSpot","2026-04-15","2026-04-29","Pastors Retreat (2)","event-marketing"
"[Pastors Retreat (2)] Phase 3: Systems & Planning","Event: Pastors Retreat (2)
Location: TBD
Phase 3: Systems & Planning

To-Do:
[ ] Configure HubSpot for full guest tracking and RSVP management
[ ] Build a detailed run-of-show and session schedule for the retreat
[ ] Execute venue contract and lock the room block
[ ] Confirm all vendors: A/V, catering, activities, and transportation
[ ] Finalize critical path and risk register
[ ] Coordinate travel, ground transportation, and room assignments for all guests","2026-05-13","2026-05-27","Pastors Retreat (2)","event-marketing"
"[Pastors Retreat (2)] Phase 4: Final Prep","Event: Pastors Retreat (2)
Location: TBD
Phase 4: Final Prep

To-Do:
[ ] Finalize the complete on-site experience flow: sessions, meals, and activities
[ ] Lock the staffing plan and assign each team member their role
[ ] Confirm all guest travel and accommodation details are set
[ ] Prepare and ship all on-site materials, gifts, and branded collateral
[ ] Send the final retreat confirmation and detailed itinerary to every attendee
[ ] Get strategic, creative, and operations sign-off","2026-06-10","2026-06-23","Pastors Retreat (2)","event-marketing"
"[Pastors Retreat (2)] Phase 5: Execution","Event: Pastors Retreat (2)
Location: TBD
Phase 5: Execution

To-Do:
[ ] Personally welcome and onboard each attendee upon arrival
[ ] Execute all sessions and activities per the run-of-show
[ ] Capture detailed conversation notes for every attendee throughout the retreat
[ ] Identify high-priority relationship moments to highlight in follow-up
[ ] Team debrief each evening — review the day and adjust the next-day plan","2026-06-24","2026-06-26","Pastors Retreat (2)","event-marketing"
"[Pastors Retreat (2)] Phase 6: Follow-up","Event: Pastors Retreat (2)
Location: TBD
Phase 6: Follow-up

To-Do:
[ ] Send personalized, tailored thank-you notes to every attendee within 48 hours
[ ] Activate the 90-day post-retreat nurture sequence in HubSpot
[ ] Upload all attendees with detailed context and conversation notes to CRM
[ ] Identify the top retreat-to-pipeline opportunities
[ ] Schedule follow-up discovery or check-in calls with warm prospects","2026-06-27","2026-07-03","Pastors Retreat (2)","event-marketing"
"[Pastors Retreat (2)] Phase 7: ROI Analysis","Event: Pastors Retreat (2)
Location: TBD
Phase 7: ROI Analysis

To-Do:
[ ] Pull the 30/60/90-day pipeline and revenue report tied to retreat attendees
[ ] Calculate cost per qualified relationship built
[ ] Document retreat outcomes, attendee feedback, and key highlights
[ ] Deliver the full ROI and relationship impact report to leadership","2026-07-26","2026-07-26","Pastors Retreat (2)","event-marketing"
"[Q3 Sporting Event July (TBD)] Phase 1: Mission & Strategy","Event: Q3 Sporting Event July (TBD)
Location: TBD
Phase 1: Mission & Strategy

To-Do:
[ ] Define event purpose and VIP relationship objectives
[ ] Confirm or select the specific sporting event, venue, and date
[ ] Set attendance target (~18–23 VIP guests) and guest list criteria
[ ] Confirm $30,000 budget and get leadership approval
[ ] Document faith guardrails and hospitality standards
[ ] Assign event owner and host team","2026-04-10","2026-05-08","Q3 Sporting Event July (TBD)","event-marketing"
"[Q3 Sporting Event July (TBD)] Phase 2: Theme & Audience","Event: Q3 Sporting Event July (TBD)
Location: TBD
Phase 2: Theme & Audience

To-Do:
[ ] Build the finalized VIP guest list in HubSpot with priority tiers
[ ] Draft personalized invitation messaging for each guest or segment
[ ] Confirm invite format: digital, physical, or hybrid
[ ] Align branded visuals and experience theme for the event
[ ] Send invitations and track all RSVPs in HubSpot","2026-05-22","2026-06-05","Q3 Sporting Event July (TBD)","event-marketing"
"[Q3 Sporting Event July (TBD)] Phase 3: Systems & Planning","Event: Q3 Sporting Event July (TBD)
Location: TBD
Phase 3: Systems & Planning

To-Do:
[ ] Purchase or confirm ticket block, suite, or VIP access
[ ] Finalize all logistics: transportation, parking, catering, and hospitality setup
[ ] Configure HubSpot for guest tracking and post-event follow-up
[ ] Define specific conversation goals or a natural CTA for each key guest
[ ] Build a detailed run-of-show for the event evening","2026-06-19","2026-07-03","Q3 Sporting Event July (TBD)","event-marketing"
"[Q3 Sporting Event July (TBD)] Phase 4: Final Prep","Event: Q3 Sporting Event July (TBD)
Location: TBD
Phase 4: Final Prep

To-Do:
[ ] Confirm final headcount and lock the VIP guest list
[ ] Prepare branded guest experience materials and personalized gifts
[ ] Assign a primary event host and on-site support staff
[ ] Brief every team member on individual conversation goals for each guest
[ ] Get final approval on all logistics, gifts, and the overall experience plan","2026-07-17","2026-07-30","Q3 Sporting Event July (TBD)","event-marketing"
"[Q3 Sporting Event July (TBD)] Phase 5: Execution","Event: Q3 Sporting Event July (TBD)
Location: TBD
Phase 5: Execution

To-Do:
[ ] Welcome each VIP guest personally upon arrival
[ ] Execute hospitality and the guest experience per the run-of-show
[ ] Capture key conversation notes for every guest in real time
[ ] Identify pipeline opportunities and follow-up priorities on the spot
[ ] Communicate PRAY.COM's mission and value naturally throughout the evening","2026-07-31","2026-07-31","Q3 Sporting Event July (TBD)","event-marketing"
"[Q3 Sporting Event July (TBD)] Phase 6: Follow-up","Event: Q3 Sporting Event July (TBD)
Location: TBD
Phase 6: Follow-up

To-Do:
[ ] Send personalized thank-you messages to every guest within 24 hours
[ ] Activate the 90-day post-event nurture sequence in HubSpot
[ ] Upload all guests with full conversation notes to CRM
[ ] Flag guests ready for SDR or direct sales outreach
[ ] Share the event debrief with the sales team within 48 hours","2026-08-01","2026-08-07","Q3 Sporting Event July (TBD)","event-marketing"
"[Q3 Sporting Event July (TBD)] Phase 7: ROI Analysis","Event: Q3 Sporting Event July (TBD)
Location: TBD
Phase 7: ROI Analysis

To-Do:
[ ] Pull the 30/60/90-day pipeline report tied to VIP event guests
[ ] Calculate ROI vs. $30,000 event budget
[ ] Document relationships built, pipeline created, and opportunities identified
[ ] Share the final performance report with leadership","2026-08-30","2026-08-30","Q3 Sporting Event July (TBD)","event-marketing"
"[Q3 Sporting Event September (TBD)] Phase 1: Mission & Strategy","Event: Q3 Sporting Event September (TBD)
Location: TBD
Phase 1: Mission & Strategy

To-Do:
[ ] Define event purpose and VIP relationship objectives
[ ] Confirm or select the specific sporting event, venue, and date
[ ] Set attendance target (~18–23 VIP guests) and guest list criteria
[ ] Confirm $30,000 budget and get leadership approval
[ ] Document faith guardrails and hospitality standards
[ ] Assign event owner and host team","2026-05-12","2026-06-09","Q3 Sporting Event September (TBD)","event-marketing"
"[Q3 Sporting Event September (TBD)] Phase 2: Theme & Audience","Event: Q3 Sporting Event September (TBD)
Location: TBD
Phase 2: Theme & Audience

To-Do:
[ ] Build the finalized VIP guest list in HubSpot with priority tiers
[ ] Draft personalized invitation messaging for each guest or segment
[ ] Confirm invite format: digital, physical, or hybrid
[ ] Align branded visuals and experience theme for the event
[ ] Send invitations and track all RSVPs in HubSpot","2026-06-23","2026-07-07","Q3 Sporting Event September (TBD)","event-marketing"
"[Q3 Sporting Event September (TBD)] Phase 3: Systems & Planning","Event: Q3 Sporting Event September (TBD)
Location: TBD
Phase 3: Systems & Planning

To-Do:
[ ] Purchase or confirm ticket block, suite, or VIP access
[ ] Finalize all logistics: transportation, parking, catering, and hospitality setup
[ ] Configure HubSpot for guest tracking and post-event follow-up
[ ] Define specific conversation goals or a natural CTA for each key guest
[ ] Build a detailed run-of-show for the event evening","2026-07-21","2026-08-04","Q3 Sporting Event September (TBD)","event-marketing"
"[Q3 Sporting Event September (TBD)] Phase 4: Final Prep","Event: Q3 Sporting Event September (TBD)
Location: TBD
Phase 4: Final Prep

To-Do:
[ ] Confirm final headcount and lock the VIP guest list
[ ] Prepare branded guest experience materials and personalized gifts
[ ] Assign a primary event host and on-site support staff
[ ] Brief every team member on individual conversation goals for each guest
[ ] Get final approval on all logistics, gifts, and the overall experience plan","2026-08-18","2026-08-31","Q3 Sporting Event September (TBD)","event-marketing"
"[Q3 Sporting Event September (TBD)] Phase 5: Execution","Event: Q3 Sporting Event September (TBD)
Location: TBD
Phase 5: Execution

To-Do:
[ ] Welcome each VIP guest personally upon arrival
[ ] Execute hospitality and the guest experience per the run-of-show
[ ] Capture key conversation notes for every guest in real time
[ ] Identify pipeline opportunities and follow-up priorities on the spot
[ ] Communicate PRAY.COM's mission and value naturally throughout the evening","2026-09-01","2026-09-01","Q3 Sporting Event September (TBD)","event-marketing"
"[Q3 Sporting Event September (TBD)] Phase 6: Follow-up","Event: Q3 Sporting Event September (TBD)
Location: TBD
Phase 6: Follow-up

To-Do:
[ ] Send personalized thank-you messages to every guest within 24 hours
[ ] Activate the 90-day post-event nurture sequence in HubSpot
[ ] Upload all guests with full conversation notes to CRM
[ ] Flag guests ready for SDR or direct sales outreach
[ ] Share the event debrief with the sales team within 48 hours","2026-09-02","2026-09-08","Q3 Sporting Event September (TBD)","event-marketing"
"[Q3 Sporting Event September (TBD)] Phase 7: ROI Analysis","Event: Q3 Sporting Event September (TBD)
Location: TBD
Phase 7: ROI Analysis

To-Do:
[ ] Pull the 30/60/90-day pipeline report tied to VIP event guests
[ ] Calculate ROI vs. $30,000 event budget
[ ] Document relationships built, pipeline created, and opportunities identified
[ ] Share the final performance report with leadership","2026-10-01","2026-10-01","Q3 Sporting Event September (TBD)","event-marketing"
"[Family Reunion] Phase 1: Mission & Strategy","Event: Family Reunion
Location: TBD
Phase 1: Mission & Strategy

To-Do:
[ ] Define conference objective: leads, awareness, or relationship building
[ ] Confirm participation format (attending, co-sponsoring, or speaking)
[ ] Set success targets: MQLs, meetings booked, and key contacts made
[ ] Confirm budget and get leadership approval
[ ] Get faith alignment sign-off
[ ] Assign event owner and attending team","2026-07-07","2026-08-04","Family Reunion","event-marketing"
"[Family Reunion] Phase 2: Theme & Audience","Event: Family Reunion
Location: TBD
Phase 2: Theme & Audience

To-Do:
[ ] Align PRAY.COM messaging with the specific conference audience
[ ] Define ICP profile and lead qualification criteria for this event
[ ] Prepare conference-appropriate materials, handouts, and collateral
[ ] Build a pre-conference outreach list of expected attendees
[ ] Get all messaging and materials reviewed and approved","2026-08-18","2026-09-01","Family Reunion","event-marketing"
"[Family Reunion] Phase 3: Systems & Planning","Event: Family Reunion
Location: TBD
Phase 3: Systems & Planning

To-Do:
[ ] Configure HubSpot to capture leads and track interactions at the event
[ ] Finalize travel, hotel, and on-site logistics for the attending team
[ ] Confirm any sponsorship deliverables or session commitments due to organizer
[ ] Build a daily schedule and run-of-show for the attending team","2026-09-15","2026-09-29","Family Reunion","event-marketing"
"[Family Reunion] Phase 4: Final Prep","Event: Family Reunion
Location: TBD
Phase 4: Final Prep

To-Do:
[ ] Confirm final staffing and designate the on-site owner
[ ] Pack or ship all materials, handouts, and branded items
[ ] Brief the attending team on messaging, goals, and lead qualification criteria
[ ] Confirm any pre-scheduled meetings or booking slots","2026-10-13","2026-10-26","Family Reunion","event-marketing"
"[Family Reunion] Phase 5: Execution","Event: Family Reunion
Location: TBD
Phase 5: Execution

To-Do:
[ ] Attend all relevant sessions and actively represent PRAY.COM
[ ] Capture qualified leads and hold meaningful conversations with ICP contacts
[ ] Log key contact notes in real time or immediately after each session
[ ] Flag top prospects for immediate post-event follow-up","2026-10-27","2026-10-27","Family Reunion","event-marketing"
"[Family Reunion] Phase 6: Follow-up","Event: Family Reunion
Location: TBD
Phase 6: Follow-up

To-Do:
[ ] Upload all leads and contacts to HubSpot within 48 hours
[ ] Activate the post-event nurture sequence
[ ] Send personalized follow-up messages to every key contact
[ ] Share the conference debrief and top contact list with the sales team","2026-10-28","2026-11-03","Family Reunion","event-marketing"
"[Family Reunion] Phase 7: ROI Analysis","Event: Family Reunion
Location: TBD
Phase 7: ROI Analysis

To-Do:
[ ] Pull 30-day report on leads, meetings booked, and pipeline created
[ ] Calculate event ROI vs. total conference investment
[ ] Document key insights, standout contacts, and recommendations
[ ] Deliver the final event performance summary to leadership","2026-11-26","2026-11-26","Family Reunion","event-marketing"
"[November Sporting Event (TBD)] Phase 1: Mission & Strategy","Event: November Sporting Event (TBD)
Location: Dallas, TX
Phase 1: Mission & Strategy

To-Do:
[ ] Define event purpose and VIP relationship objectives
[ ] Confirm or select the specific sporting event, venue, and date
[ ] Set attendance target (~18–23 VIP guests) and guest list criteria
[ ] Confirm $30,000 budget and get leadership approval
[ ] Document faith guardrails and hospitality standards
[ ] Assign event owner and host team","2026-07-15","2026-08-12","November Sporting Event (TBD)","event-marketing"
"[November Sporting Event (TBD)] Phase 2: Theme & Audience","Event: November Sporting Event (TBD)
Location: Dallas, TX
Phase 2: Theme & Audience

To-Do:
[ ] Build the finalized VIP guest list in HubSpot with priority tiers
[ ] Draft personalized invitation messaging for each guest or segment
[ ] Confirm invite format: digital, physical, or hybrid
[ ] Align branded visuals and experience theme for the event
[ ] Send invitations and track all RSVPs in HubSpot","2026-08-26","2026-09-09","November Sporting Event (TBD)","event-marketing"
"[November Sporting Event (TBD)] Phase 3: Systems & Planning","Event: November Sporting Event (TBD)
Location: Dallas, TX
Phase 3: Systems & Planning

To-Do:
[ ] Purchase or confirm ticket block, suite, or VIP access
[ ] Finalize all logistics: transportation, parking, catering, and hospitality setup
[ ] Configure HubSpot for guest tracking and post-event follow-up
[ ] Define specific conversation goals or a natural CTA for each key guest
[ ] Build a detailed run-of-show for the event evening","2026-09-23","2026-10-07","November Sporting Event (TBD)","event-marketing"
"[November Sporting Event (TBD)] Phase 4: Final Prep","Event: November Sporting Event (TBD)
Location: Dallas, TX
Phase 4: Final Prep

To-Do:
[ ] Confirm final headcount and lock the VIP guest list
[ ] Prepare branded guest experience materials and personalized gifts
[ ] Assign a primary event host and on-site support staff
[ ] Brief every team member on individual conversation goals for each guest
[ ] Get final approval on all logistics, gifts, and the overall experience plan","2026-10-21","2026-11-03","November Sporting Event (TBD)","event-marketing"
"[November Sporting Event (TBD)] Phase 5: Execution","Event: November Sporting Event (TBD)
Location: Dallas, TX
Phase 5: Execution

To-Do:
[ ] Welcome each VIP guest personally upon arrival
[ ] Execute hospitality and the guest experience per the run-of-show
[ ] Capture key conversation notes for every guest in real time
[ ] Identify pipeline opportunities and follow-up priorities on the spot
[ ] Communicate PRAY.COM's mission and value naturally throughout the evening","2026-11-04","2026-11-06","November Sporting Event (TBD)","event-marketing"
"[November Sporting Event (TBD)] Phase 6: Follow-up","Event: November Sporting Event (TBD)
Location: Dallas, TX
Phase 6: Follow-up

To-Do:
[ ] Send personalized thank-you messages to every guest within 24 hours
[ ] Activate the 90-day post-event nurture sequence in HubSpot
[ ] Upload all guests with full conversation notes to CRM
[ ] Flag guests ready for SDR or direct sales outreach
[ ] Share the event debrief with the sales team within 48 hours","2026-11-07","2026-11-13","November Sporting Event (TBD)","event-marketing"
"[November Sporting Event (TBD)] Phase 7: ROI Analysis","Event: November Sporting Event (TBD)
Location: Dallas, TX
Phase 7: ROI Analysis

To-Do:
[ ] Pull the 30/60/90-day pipeline report tied to VIP event guests
[ ] Calculate ROI vs. $30,000 event budget
[ ] Document relationships built, pipeline created, and opportunities identified
[ ] Share the final performance report with leadership","2026-12-06","2026-12-06","November Sporting Event (TBD)","event-marketing"
